-- Categorias 
insert into categories (id, category_name) values (1, 'Motherboard');
insert into categories (id, category_name) values (2, 'Placa de video');
insert into categories (id, category_name) values (3, 'Monitor');
insert into categories (id, category_name) values (4, 'Procesador');
insert into categories (id, category_name) values (5, 'Fuente');
insert into categories (id, category_name) values (6, 'Disco rigido');
insert into categories (id, category_name) values (7, 'Gabinete');
insert into categories (id, category_name) values (8, 'Teclado');

-- Brands
insert into brands (id, brand_name) values (1, 'Asus');
insert into brands (id, brand_name) values (2, 'Asrock');
insert into brands (id, brand_name) values (3, 'Nvidia');
insert into brands (id, brand_name) values (4, 'Dell');
insert into brands (id, brand_name) values (5, 'Samsung');
insert into brands (id, brand_name) values (6, 'Intel');
insert into brands (id, brand_name) values (7, 'AMD');
insert into brands (id, brand_name) values (8, 'Coolermaster');
insert into brands (id, brand_name) values (9, 'Sentey');
insert into brands (id, brand_name) values (10, 'Wetern Digital');
insert into brands (id, brand_name) values (11, 'Razer');

-- Products
insert into products (category_id, brand_id, model, price, discount, images, description, features, status, created_at, updated_at) values (1, 1, 'M2AVM', 47200.00, 0, 'asus-m2avm.jpg', 'Gran Motherboard, ideal para armar una computadora microATX destinada al diseño y juegos con un tamaño reducido.Gran cantidad de puertos, calidad asus y detalles de placa premium. Placa de tamaño pequeño. Ideal para Gabinetes reducidos y con buena conectividad, incluye una conexión M2 para discos SSD de alta velocidad. Es una placa de gran calidad para gaming.', '', 'destacado', CURRENT_TIMESTAMP, CURRENT_TIMESTAMP);
insert into products (category_id, brand_id, model, price, discount, images, description, features, status, created_at, updated_at) values (1, 1, 'M3LM', 10300.00, 0, 'asus-m3lm.jpg', 'Socket AMD AM4. Procesadores: AMD Ryzen™ 3ra. Generación / AMD Ryzen™ 2da. Generación / Ryzen™ con Radeon™ Vega Graphics Ryzen™ 1ra. Generación. Chipset: AMD B450. Memoria: 4 x DIMM, Máx. 64 GB, DDR4 3200 (OC) / 3000 (OC) / 2800 (OC) / 2666 / 2400 / 2133 MHz. Memoria sin búfer. Arquitectura Dual Channel.', '', 'destacado', CURRENT_TIMESTAMP, CURRENT_TIMESTAMP);
insert into products (category_id, brand_id, model, price, discount, images, description, features, status, created_at, updated_at) values (1, 1, 'ASS32', 25000.00, 0, 'asus-ass32.jpg', 'CPU AMD AMD Socket AM4 Ryzen ™ de 2ª Generación / Ryzen ™ Radeon ™ con Vega Gráficos / Ryzen ™ primera generación / 7 generación de la serie A / Athlon X4 procesadores Soporta CPU de hasta 8 núcleos Consulte www.asus.com para la lista de soporte de CPU', '', 'destacado', CURRENT_TIMESTAMP, CURRENT_TIMESTAMP);
insert into products (category_id, brand_id, model, price, discount, images, description, features, status, created_at, updated_at) values (1, 2, 'ERIC2020', 35000.00, 0, 'asrock-eric2020.jpg', 'Las placas base de la serie FM2+ de ASrock están basadas en el chipset A88X de AMD, incluyen Socket FM2+ para APU y están diseñadas para obtener el máximo rendimiento de las nuevas APU Kaveri de AMD.', '', 'destacado', CURRENT_TIMESTAMP, CURRENT_TIMESTAMP);
insert into products (category_id, brand_id, model, price, discount, images, description, features, status, created_at, updated_at) values (2, 3, 'GT332', 35000.00, 0, 'nvidia-gt332.jpg', 'Nvidia es el fabricante líder de placas de video, su calidad asegura una experiencia positiva en el desarrollo del motor gráfico de tu computadora. Además, sus procesadores usan tecnología de punta para que puedas disfrutar de un producto veloz y duradero.', '', 'in-sale', CURRENT_TIMESTAMP, CURRENT_TIMESTAMP);
insert into products (category_id, brand_id, model, price, discount, images, description, features, status, created_at, updated_at) values (2, 3, 'GT440', 28500.00, 0, 'nvidia-gt440.jpg', 'En el menor tiempo posible con una velocidad de memoria de 1600 MHz los datos del procesador central se van a traducir en información comprensible en tan solo un abrir y cerrar de ojos. Tu placa de video trabajará con rapidez para maximizar el tiempo real.', '', 'in-sale', CURRENT_TIMESTAMP, CURRENT_TIMESTAMP);
insert into products (category_id, brand_id, model, price, discount, images, description, features, status, created_at, updated_at) values (2, 4, 'GT456', 20000.00, 0, 'dell-gt456.jpg', 'Disfrutá de todas las cualidades que el monitor Dell P2018H tiene para ofrecerte. Percibí las imágenes de una manera completamente diferente y complementa cualquier espacio ya sea en tu casa u oficina.', '', 'in-sale', CURRENT_TIMESTAMP, CURRENT_TIMESTAMP);
insert into products (category_id, brand_id, model, price, discount, images, description, features, status, created_at, updated_at) values (3, 5, 'DEL32', 10300.00, 0, 'samsung-del32.jpg', 'Un monitor a tu medida con tu pantalla LED no solo ahorrás energía, ya que su consumo es bajo, sino que vas a ver colores más nítidos y definidos en tus películas o series favoritas.', '', 'visited', CURRENT_TIMESTAMP, CURRENT_TIMESTAMP);
insert into products (category_id, brand_id, model, price, discount, images, description, features, status, created_at, updated_at) values (3, 5, 'SM40', 25000.00, 0, 'samsung-sm40.jpg', 'Un monitor a tu medida con tu pantalla LED no solo ahorrás energía, ya que su consumo es bajo, sino que vas a ver colores más nítidos y definidos en tus películas o series favoritas.', '', 'visited', CURRENT_TIMESTAMP, CURRENT_TIMESTAMP);
insert into products (category_id, brand_id, model, price, discount, images, description, features, status, created_at, updated_at) values (4, 6, 'I6LK2', 26000.00, 0, 'intel-i5lk2.jpg', 'Productividad y entretenimiento, todo disponible en computadoras de escritorio. La superioridad tecnológica de Intel es un beneficio para todo tipo de profesionales. Asegura el mejor rendimiento de las aplicaciones, de la transferencia de datos y la conexión con otros elementos tecnológicos.', '', 'in-sale', CURRENT_TIMESTAMP, CURRENT_TIMESTAMP);
insert into products (category_id, brand_id, model, price, discount, images, description, features, status, created_at, updated_at) values (4, 6, 'I711', 32000.00, 0, 'intel-i711.jpg', 'Núcleos: el corazón del procesador dentro de este producto vas a encontrar los núcleos, que son los encargados de ejecutar las instrucciones y actividades que le asignás a tu dispositivo. Estos están en relación directa con dos elemetos: los hilos y el modelo, por lo que a la hora de elegir un procesador es importante que valores los tres en su conjunto.', '', '', CURRENT_TIMESTAMP, CURRENT_TIMESTAMP);
insert into products (category_id, brand_id, model, price, discount, images, description, features, status, created_at, updated_at) values (4, 7, 'I7-I', 34000.00, 0, 'amd-19-i.jpg', 'Clave en el rendimiento de computadoras de escritorio, ya no tenés que pensar en cómo distribuir el tiempo y acciones: ahora todas las tareas en simultáneo son posibles. AMD cuenta con un catálogo de productos que se adaptan a los requerimientos de todo tipo de usuarios: juegos en línea, edición a gran escala, contenido en múltiples plataformas y más.', '', '', CURRENT_TIMESTAMP, CURRENT_TIMESTAMP);
insert into products (category_id, brand_id, model, price, discount, images, description, features, status, created_at, updated_at) values (5, 8, 'GTX600', 28000.00, 0, 'coolermaster-gtx600.jpg', 'The Elite 460 RS-460-PSAR-I3 from Cooler Master pushes out 460W of power to handle your system thirst for juice. It is compliant with the newest Intel ATX 12V v2.31 specifications so it is a great choice for both replacements and new builds.', '', '', CURRENT_TIMESTAMP, CURRENT_TIMESTAMP);
insert into products (category_id, brand_id, model, price, discount, images, description, features, status, created_at, updated_at) values (5, 8, 'FT200', 17000.00, 0, 'coolermaster-ft200.jpg', 'ATX12V V2.31 COMPATIBLE Compatible with the ATX12V v2.31 standard, the Cooler Master Elite 460 RS-460-PSAR-I3 power supply provides maximum power stability to drive the latest Intel and AMD processors as well as other system components', '', '', CURRENT_TIMESTAMP, CURRENT_TIMESTAMP);

-- Users admin
insert into users (first_name, last_name, email, password, category, image, adress, city, province, date, created_at, updated_at) values ('Luciano', 'Mazzuca', 'luciano@blastech.com', '$2b$10$oV86jBgMBkEZ6YpQPDZzuushIufiw6pKQGmOO1aZICZfFvKUrpe9e', 'admin', 'avatar-luciano.jpg', null, null, null, null, CURRENT_TIMESTAMP, CURRENT_TIMESTAMP);
insert into users (first_name, last_name, email, password, category, image, adress, city, province, date, created_at, updated_at) values ('Esteban', 'Quito', 'esteban@quito.com', '$2b$10$oV86jBgMBkEZ6YpQPDZzuushIufiw6pKQGmOO1aZICZfFvKUrpe9e', 'user', 'default.png', null, null, null, null, CURRENT_TIMESTAMP, CURRENT_TIMESTAMP);



